<?xml version="1.0" encoding="UTF-8"?>
<!DOCTYPE suite SYSTEM "http://testng.org/testng-1.0.dtd">
<suite name="Suite">

<listeners>
<listener class-name="ExtentReportListener.ExtentReporterNG"></listener>
</listeners>

  <test  name="Test1">
    <classes>
      <class name="testCases.LoginPageTest"/>
    </classes>
  </test> <!-- Test -->
  
<!--    <test name="Test2">
    <classes> 
      <class name="testCases.LoginPageTest"/>
    </classes>
  </test> Test -->
  
</suite> <!-- Suite -->
